id_registro_atendimento,fk_beneficiario,fk_tipo,data_hora
1004,272,2,"2025-02-25 07:39:04"
1005,128,1,"2025-02-24 08:46:12"
1006,254,1,"2025-02-27 08:01:41"
1007,294,2,"2025-02-11 07:06:25"
1008,243,1,"2025-02-26 12:24:44"
1009,160,2,"2025-02-28 11:11:06"
1010,130,2,"2025-02-06 17:27:56"
1011,103,1,"2025-02-03 08:16:25"
1012,174,2,"2025-02-12 16:40:05"
1013,11,1,"2025-02-25 07:33:16"
1014,49,1,"2025-02-18 06:43:23"
1015,168,2,"2025-02-01 14:00:00"
1016,291,2,"2025-02-10 06:51:57"
1017,326,2,"2025-02-28 07:11:12"
1018,50,1,"2025-02-06 14:13:22"
1019,226,1,"2025-02-20 11:36:11"
1020,228,1,"2025-02-17 08:52:52"
1021,62,2,"2025-02-20 06:59:34"
1022,93,1,"2025-02-10 07:22:43"
1023,80,2,"2025-02-04 13:12:38"
1024,200,2,"2025-02-15 20:42:35"
1025,174,1,"2025-02-04 16:35:04"
1026,252,1,"2025-02-12 08:15:52"
1027,31,2,"2025-02-26 12:02:22"
1028,303,1,"2025-02-26 19:58:42"
1029,336,2,"2025-02-28 14:05:42"
1030,273,2,"2025-02-17 15:36:44"
1031,145,2,"2025-02-25 14:41:12"
1032,150,2,"2025-02-05 13:48:12"
1033,252,1,"2025-02-13 12:24:05"
1034,248,2,"2025-02-16 07:20:35"
1035,148,1,"2025-02-10 13:50:49"
1036,46,2,"2025-02-17 19:02:12"
1037,278,1,"2025-02-19 17:57:36"
1038,274,1,"2025-02-21 11:47:03"
1039,181,1,"2025-02-02 10:24:12"
1040,223,1,"2025-02-27 19:43:55"
1041,23,1,"2025-02-17 11:43:44"
1042,114,2,"2025-02-04 13:11:57"
1043,106,1,"2025-02-03 17:13:31"
1044,60,2,"2025-02-02 20:24:13"
1045,170,1,"2025-02-01 20:15:42"
1046,206,1,"2025-02-13 19:14:23"
1047,319,2,"2025-02-05 08:38:15"
1048,321,2,"2025-02-14 16:36:45"
1049,140,2,"2025-02-07 20:41:47"
1050,212,2,"2025-02-23 06:26:52"
1051,250,2,"2025-02-09 19:57:12"
1052,203,1,"2025-02-20 06:40:44"
1053,340,1,"2025-02-23 18:28:08"
1054,82,2,"2025-02-03 16:07:07"
1055,86,2,"2025-02-03 08:34:20"
1056,204,2,"2025-02-22 17:59:44"
1057,292,2,"2025-02-18 10:18:54"
1058,104,1,"2025-02-04 18:07:25"
1059,66,1,"2025-02-18 19:31:12"
1060,118,1,"2025-02-16 13:06:07"
1061,35,1,"2025-02-27 12:11:05"
1062,74,2,"2025-02-14 15:23:28"
1063,258,1,"2025-02-20 18:02:42"
1064,23,1,"2025-02-25 09:46:20"
1065,90,2,"2025-02-05 11:55:16"
1066,29,2,"2025-02-15 09:57:41"
1067,33,1,"2025-02-13 08:18:32"
1068,337,2,"2025-02-06 16:12:21"
1069,126,2,"2025-02-01 19:28:04"
1070,163,1,"2025-02-18 08:09:35"
1071,266,1,"2025-02-04 16:04:26"
1072,165,2,"2025-02-20 17:10:46"
1073,120,1,"2025-02-02 08:57:06"
1074,199,1,"2025-02-13 06:36:03"
1075,19,1,"2025-02-28 09:48:40"
1076,244,2,"2025-02-01 16:52:58"
1077,231,1,"2025-02-10 16:39:24"
1078,177,2,"2025-02-22 13:39:16"
1079,233,2,"2025-02-16 20:57:09"
1080,90,2,"2025-02-08 08:18:40"
1081,11,2,"2025-02-09 20:10:23"
1082,236,2,"2025-02-26 10:09:02"
1083,117,2,"2025-02-23 20:34:54"
1084,107,2,"2025-02-05 19:40:22"
1085,232,2,"2025-02-14 20:26:29"
1086,167,2,"2025-02-13 13:23:21"
1087,126,1,"2025-02-05 17:33:13"
1088,338,2,"2025-02-23 09:36:12"
1089,210,2,"2025-02-15 14:55:48"
1090,73,2,"2025-02-21 10:13:25"
1091,154,2,"2025-02-04 14:41:28"
1092,283,1,"2025-02-02 09:13:21"
1093,222,1,"2025-02-22 12:59:33"
1094,198,1,"2025-02-15 06:44:13"
1095,80,2,"2025-02-09 17:43:36"
1096,78,2,"2025-02-19 18:51:12"
1097,67,2,"2025-02-11 13:15:55"
1098,314,1,"2025-02-11 15:59:48"
1099,44,1,"2025-02-22 07:50:04"
1100,28,2,"2025-02-01 20:55:55"
1101,183,1,"2025-02-28 07:20:59"
1102,34,2,"2025-02-24 08:13:19"
1103,229,2,"2025-02-20 20:20:37"
1104,156,1,"2025-02-11 17:11:18"
1105,78,1,"2025-02-26 14:10:57"
1106,317,2,"2025-02-14 07:34:58"
1107,241,2,"2025-02-06 14:35:40"
1108,59,1,"2025-02-23 19:57:15"
1109,70,2,"2025-02-15 07:48:02"
1110,11,2,"2025-02-16 12:30:10"
1111,230,1,"2025-02-15 15:36:11"
1112,174,1,"2025-02-16 16:36:22"
1113,320,2,"2025-02-12 07:11:08"
1114,57,1,"2025-02-22 12:58:09"
1115,43,2,"2025-02-21 11:18:45"
1116,319,2,"2025-02-20 18:31:01"
1117,99,2,"2025-02-06 11:54:16"
1118,251,2,"2025-02-17 20:58:01"
1119,157,2,"2025-02-06 06:41:15"
1120,140,2,"2025-02-15 12:21:02"
1121,17,1,"2025-02-22 07:21:35"
1122,294,1,"2025-02-28 20:39:00"
1123,241,2,"2025-02-10 12:12:57"
1124,139,2,"2025-02-13 06:44:43"
1125,218,2,"2025-02-11 11:51:32"
1126,134,1,"2025-02-23 11:08:22"
1127,231,1,"2025-02-16 10:17:05"
1128,261,1,"2025-02-26 16:58:20"
1129,55,1,"2025-02-01 18:08:51"
1130,79,1,"2025-02-03 08:23:04"
1131,5,1,"2025-02-25 07:55:04"
1132,317,1,"2025-02-24 18:21:55"
1133,236,2,"2025-02-05 15:40:55"
1134,63,1,"2025-02-26 16:06:39"
1135,42,1,"2025-02-23 08:12:58"
1136,222,1,"2025-02-03 17:05:00"
1137,199,2,"2025-02-07 06:45:05"
1138,102,2,"2025-02-21 14:12:30"
1139,148,1,"2025-02-20 17:11:30"
1140,41,1,"2025-02-15 08:32:00"
1141,278,1,"2025-02-07 10:09:56"
1142,39,1,"2025-02-23 07:44:48"
1143,117,1,"2025-02-06 19:20:48"
1144,152,2,"2025-02-13 16:53:37"
1145,219,2,"2025-02-17 16:18:13"
1146,272,1,"2025-02-27 11:47:15"
1147,145,1,"2025-02-21 20:43:16"
1148,177,1,"2025-02-03 06:04:31"
1149,41,2,"2025-02-20 18:52:27"
1150,164,2,"2025-02-01 17:43:05"
1151,34,2,"2025-02-23 16:38:43"
1152,184,2,"2025-02-24 19:20:28"
1153,251,2,"2025-02-12 13:19:48"
1154,301,1,"2025-02-18 17:12:14"
1155,239,2,"2025-02-02 17:22:26"
1156,207,2,"2025-02-11 20:50:54"
1157,79,1,"2025-02-28 20:29:28"
1158,13,1,"2025-02-24 18:24:26"
1159,324,1,"2025-02-26 11:24:55"
1160,339,1,"2025-02-13 11:00:27"
1161,49,1,"2025-02-05 15:11:13"
1162,173,1,"2025-02-13 13:09:17"
1163,156,2,"2025-02-01 13:25:10"
1164,256,2,"2025-02-08 09:31:38"
1165,341,1,"2025-02-14 19:10:31"
1166,245,2,"2025-02-12 07:04:20"
1167,111,2,"2025-02-05 09:33:31"
1168,82,2,"2025-02-16 06:19:40"
1169,220,1,"2025-02-21 10:43:39"
1170,175,2,"2025-02-20 08:33:18"
1171,190,2,"2025-02-26 17:55:08"
1172,214,1,"2025-02-03 06:28:23"
1173,161,2,"2025-02-07 11:44:14"
1174,296,2,"2025-02-26 10:35:21"
1175,165,1,"2025-02-23 09:57:08"
1176,128,2,"2025-02-23 15:39:15"
1177,161,1,"2025-02-19 13:56:01"
1178,165,1,"2025-02-13 18:09:39"
1179,137,1,"2025-02-17 13:29:38"
1180,142,1,"2025-02-15 12:49:12"
1181,243,1,"2025-02-12 19:49:03"
1182,183,2,"2025-02-08 16:00:20"
1183,164,2,"2025-02-18 08:50:17"
1184,103,1,"2025-02-11 15:56:34"
1185,32,1,"2025-02-20 15:07:18"
1186,128,2,"2025-02-17 18:32:18"
1187,6,2,"2025-02-14 17:52:54"
1188,13,1,"2025-02-09 09:09:18"
1189,41,2,"2025-02-21 16:48:26"
1190,229,2,"2025-02-15 18:58:09"
1191,161,1,"2025-02-18 08:38:28"
1192,311,2,"2025-02-09 13:17:12"
1193,166,1,"2025-02-10 08:37:08"
1194,283,2,"2025-02-04 06:55:20"
1195,193,1,"2025-02-12 08:20:53"
1196,203,1,"2025-02-21 12:41:20"
1197,18,2,"2025-02-11 15:53:48"
1198,21,1,"2025-02-11 15:48:36"
1199,255,1,"2025-02-24 17:45:08"
1200,268,1,"2025-02-03 08:09:06"
1201,185,2,"2025-02-23 09:05:48"
1202,36,2,"2025-02-11 07:26:21"
1203,214,2,"2025-02-13 14:03:33"
1204,46,1,"2025-02-23 08:35:52"
1205,134,1,"2025-02-15 08:07:48"
1206,286,1,"2025-02-08 06:41:43"
1207,116,2,"2025-02-02 16:53:44"
1208,120,1,"2025-02-02 06:14:48"
1209,166,2,"2025-02-28 08:32:20"
1210,10,2,"2025-02-25 16:42:25"
1211,213,1,"2025-02-16 06:42:45"
1212,107,1,"2025-02-02 09:37:02"
1213,42,2,"2025-02-19 13:00:22"
1214,204,1,"2025-02-17 20:53:10"
1215,322,2,"2025-02-05 14:00:58"
1216,199,1,"2025-02-09 14:23:32"
1217,132,2,"2025-02-27 09:48:38"
1218,202,1,"2025-02-07 11:57:16"
1219,229,2,"2025-02-21 10:28:01"
1220,199,1,"2025-02-07 08:07:02"
1221,103,2,"2025-02-24 20:55:13"
1222,304,2,"2025-02-27 17:43:13"
1223,321,1,"2025-02-12 13:03:41"
1224,130,1,"2025-02-19 20:56:53"
1225,111,1,"2025-02-17 06:19:00"
1226,199,2,"2025-02-28 11:13:31"
1227,85,2,"2025-02-15 12:38:48"
1228,342,1,"2025-02-16 14:38:18"
1229,1,1,"2025-02-03 15:06:56"
1230,141,1,"2025-02-20 06:54:00"
1231,291,1,"2025-02-10 13:24:46"
1232,331,1,"2025-02-04 06:23:13"
1233,39,2,"2025-02-14 17:56:23"
1234,18,1,"2025-02-14 16:01:19"
1235,105,1,"2025-02-10 08:16:29"
1236,16,2,"2025-02-21 17:43:50"
1237,121,2,"2025-02-06 06:07:05"
1238,286,2,"2025-02-28 20:37:44"
1239,246,1,"2025-02-09 06:44:36"
1240,34,2,"2025-02-24 17:09:13"
1241,255,2,"2025-02-22 12:01:02"
1242,7,1,"2025-02-27 13:26:11"
1243,144,2,"2025-02-22 07:49:56"
1244,137,1,"2025-02-24 13:12:51"
1245,121,2,"2025-02-22 10:55:12"
1246,289,2,"2025-02-26 06:41:02"
1247,119,1,"2025-02-18 17:31:50"
1248,189,2,"2025-02-10 11:05:38"
1249,192,2,"2025-02-27 13:34:10"
1250,165,2,"2025-02-24 14:34:09"
1251,191,2,"2025-02-14 08:37:25"
1252,345,2,"2025-02-12 18:18:09"
1253,222,1,"2025-02-22 14:26:23"
1254,171,2,"2025-02-20 10:56:08"
1255,277,1,"2025-02-21 13:28:48"
1256,321,1,"2025-02-02 11:32:58"
1257,82,1,"2025-02-20 11:34:40"
1258,203,1,"2025-02-27 18:13:52"
1259,257,1,"2025-02-27 12:56:07"
1260,131,1,"2025-02-17 07:36:00"
1261,172,2,"2025-02-24 09:43:45"
1262,192,2,"2025-02-04 11:46:53"
1263,113,2,"2025-02-17 16:52:25"
1264,55,1,"2025-02-24 12:44:48"
1265,97,1,"2025-02-21 16:29:09"
1266,254,1,"2025-02-26 14:51:06"
1267,208,2,"2025-02-03 17:19:15"
1268,50,1,"2025-02-27 09:34:40"
1269,62,1,"2025-02-01 06:01:18"
1270,37,1,"2025-02-06 19:49:43"
1271,184,2,"2025-02-09 13:07:27"
1272,176,2,"2025-02-01 17:38:19"
1273,318,2,"2025-02-12 09:19:27"
1274,348,2,"2025-02-21 15:37:02"
1275,16,2,"2025-02-02 13:20:22"
1276,197,1,"2025-02-23 13:55:51"
1277,180,2,"2025-02-14 17:37:39"
1278,45,2,"2025-02-01 12:02:31"
1279,126,1,"2025-02-09 14:05:05"
1280,124,2,"2025-02-15 12:47:21"
1281,232,1,"2025-02-02 11:19:35"
1282,66,1,"2025-02-20 12:06:00"
1283,93,2,"2025-02-17 13:04:32"
1284,275,1,"2025-02-09 17:36:24"
1285,265,2,"2025-02-09 15:07:44"
1286,84,1,"2025-02-06 20:28:18"
1287,57,1,"2025-02-10 15:21:27"
1288,249,1,"2025-02-27 07:12:30"
1289,335,1,"2025-02-01 12:49:47"
1290,94,1,"2025-02-25 12:02:19"
1291,253,1,"2025-02-11 19:43:37"
1292,60,1,"2025-02-23 13:51:44"
1293,310,1,"2025-02-06 08:08:47"
1294,221,1,"2025-02-15 13:23:50"
1295,189,1,"2025-02-23 14:57:44"
1296,224,2,"2025-02-14 13:02:17"
1297,341,2,"2025-02-03 07:05:16"
1298,125,1,"2025-02-16 12:32:58"
1299,293,1,"2025-02-04 06:10:05"
1300,280,2,"2025-02-22 09:28:42"
1301,337,1,"2025-02-18 10:30:04"
1302,21,1,"2025-02-19 12:07:35"
1303,201,1,"2025-02-07 08:19:08"
1304,7,1,"2025-02-12 06:32:50"
1305,272,1,"2025-02-17 16:17:37"
1306,164,1,"2025-02-10 20:51:08"
1307,97,2,"2025-02-28 13:51:13"
1308,89,2,"2025-02-16 13:13:06"
1309,37,1,"2025-02-18 16:40:34"
1310,75,1,"2025-02-22 08:54:32"
1311,85,1,"2025-02-16 14:04:36"
1312,321,2,"2025-02-21 18:26:53"
1313,31,2,"2025-02-08 19:16:26"
1314,203,1,"2025-02-02 19:20:49"
1315,192,2,"2025-02-07 16:46:59"
1316,116,1,"2025-02-15 15:53:55"
1317,209,1,"2025-02-16 15:50:32"
1318,255,1,"2025-02-08 15:33:18"
1319,34,1,"2025-02-14 15:01:26"
1320,329,1,"2025-02-23 20:49:09"
1321,238,2,"2025-02-12 10:25:17"
1322,168,2,"2025-02-10 19:34:38"
1323,198,1,"2025-02-28 13:32:31"
1324,251,2,"2025-02-16 11:05:44"
1325,33,2,"2025-02-18 14:39:40"
1326,148,1,"2025-02-21 10:59:17"
1327,123,1,"2025-02-11 20:57:20"
1328,172,2,"2025-02-12 10:12:52"
1329,343,1,"2025-02-09 10:38:27"
1330,72,2,"2025-02-25 15:56:50"
1331,278,2,"2025-02-07 16:43:23"
1332,267,1,"2025-02-07 18:29:37"
1333,150,1,"2025-02-04 17:46:56"
1334,173,1,"2025-02-07 15:50:40"
1335,126,2,"2025-02-21 18:31:23"
1336,291,2,"2025-02-16 17:17:59"
1337,311,1,"2025-02-18 11:09:16"
1338,282,2,"2025-02-09 07:24:52"
1339,131,2,"2025-02-01 07:12:51"
1340,142,2,"2025-02-15 20:35:37"
1341,322,2,"2025-02-07 10:03:27"
1342,199,2,"2025-02-20 07:30:27"
1343,186,1,"2025-02-04 08:11:07"
1344,56,2,"2025-02-02 19:04:17"
1345,217,1,"2025-02-05 18:06:59"
1346,31,1,"2025-02-02 20:42:36"
1347,142,2,"2025-02-04 11:39:46"
1348,317,2,"2025-02-14 09:14:14"
1349,78,1,"2025-02-18 11:53:15"
1350,113,1,"2025-02-18 15:20:48"
1351,278,1,"2025-02-26 19:24:13"
1352,315,2,"2025-02-06 07:36:47"
1353,127,2,"2025-02-26 13:07:06"
1354,85,1,"2025-02-08 09:29:39"
1355,123,2,"2025-02-08 10:06:00"
1356,198,2,"2025-02-14 15:55:38"
1357,42,2,"2025-02-07 09:06:54"
1358,197,2,"2025-02-23 13:28:09"
1359,106,2,"2025-02-01 14:48:17"
1360,176,2,"2025-02-14 18:56:33"
1361,199,2,"2025-02-01 13:32:39"
1362,40,2,"2025-02-20 09:23:09"
1363,112,2,"2025-02-06 18:25:13"
1364,149,1,"2025-02-12 12:17:15"
1365,13,1,"2025-02-13 15:56:30"
1366,12,2,"2025-02-21 17:04:28"
1367,11,2,"2025-02-19 11:23:24"
1368,218,1,"2025-02-14 17:28:58"
1369,138,2,"2025-02-14 10:22:14"
1370,113,1,"2025-02-09 13:10:10"
1371,25,1,"2025-02-28 06:24:23"
1372,48,1,"2025-02-03 17:58:10"
1373,131,2,"2025-02-09 07:33:59"
1374,224,2,"2025-02-05 10:09:54"
1375,210,2,"2025-02-28 20:11:14"
1376,48,1,"2025-02-06 14:04:14"
1377,91,2,"2025-02-19 16:50:50"
1378,86,1,"2025-02-18 13:27:57"
1379,40,1,"2025-02-01 18:12:38"
1380,92,1,"2025-02-25 07:17:52"
1381,189,1,"2025-02-25 13:35:48"
1382,126,1,"2025-02-05 14:59:11"
1383,140,1,"2025-02-11 19:10:49"
1384,202,1,"2025-02-17 14:57:03"
1385,68,1,"2025-02-06 06:30:09"
1386,294,2,"2025-02-28 15:53:23"
1387,57,1,"2025-02-15 09:29:11"
1388,22,1,"2025-02-06 16:38:48"
1389,236,2,"2025-02-13 08:00:18"
1390,278,2,"2025-02-22 18:25:35"
1391,182,2,"2025-02-17 13:41:33"
1392,209,1,"2025-02-25 10:33:59"
1393,19,1,"2025-02-17 19:31:08"
1394,153,1,"2025-02-03 15:23:53"
1395,193,2,"2025-02-20 20:26:24"
1396,102,1,"2025-02-12 06:20:31"
1397,76,2,"2025-02-07 12:49:40"
1398,72,2,"2025-02-28 15:50:48"
1399,117,2,"2025-02-13 09:09:01"
1400,239,2,"2025-02-09 13:25:29"
1401,27,1,"2025-02-07 13:08:26"
1402,52,2,"2025-02-05 20:40:59"
1403,198,2,"2025-02-12 06:22:29"
1404,263,2,"2025-02-03 15:18:22"
1405,246,1,"2025-02-02 20:55:54"
1406,260,1,"2025-02-12 11:12:19"
1407,288,2,"2025-02-01 07:09:47"
1408,323,2,"2025-02-02 06:32:13"
1409,314,2,"2025-02-01 13:25:21"
1410,189,1,"2025-02-12 15:20:18"
1411,225,2,"2025-02-26 14:37:07"
1412,342,1,"2025-02-14 18:32:02"
1413,170,2,"2025-02-05 20:52:24"
1414,74,1,"2025-02-24 17:40:17"
1415,316,2,"2025-02-25 20:12:05"
1416,23,2,"2025-02-09 12:14:02"
1417,292,1,"2025-02-01 08:12:26"
1418,78,2,"2025-02-14 18:52:56"
1419,108,1,"2025-02-18 15:16:58"
1420,136,2,"2025-02-03 08:54:02"
1421,85,2,"2025-02-26 07:14:29"
1422,176,2,"2025-02-04 07:42:29"
1423,286,2,"2025-02-28 13:16:36"
1424,80,2,"2025-02-21 16:20:33"
1425,126,1,"2025-02-26 15:49:57"
1426,140,2,"2025-02-27 06:27:30"
1427,208,1,"2025-02-17 10:31:46"
1428,132,1,"2025-02-19 10:51:55"
1429,113,1,"2025-02-27 08:35:14"
1430,51,2,"2025-02-15 20:09:59"
1431,291,2,"2025-02-14 17:25:26"
1432,320,2,"2025-02-10 07:15:10"
1433,30,2,"2025-02-22 07:49:20"
1434,213,2,"2025-02-13 19:27:09"
1435,158,1,"2025-02-01 11:23:07"
1436,203,1,"2025-02-16 20:31:59"
1437,147,1,"2025-02-13 12:54:15"
1438,82,2,"2025-02-20 18:10:21"
1439,52,1,"2025-02-19 12:54:05"
1440,77,2,"2025-02-03 18:47:00"
1441,332,1,"2025-02-16 20:05:59"
1442,17,1,"2025-02-02 06:30:11"
1443,183,1,"2025-02-10 19:23:43"
1444,170,1,"2025-02-02 08:57:19"
1445,315,1,"2025-02-02 15:05:02"
1446,88,2,"2025-02-27 20:12:50"
1447,304,2,"2025-02-27 13:06:17"
1448,314,2,"2025-02-20 19:33:04"
1449,134,1,"2025-02-05 07:29:38"
1450,50,2,"2025-02-21 18:44:32"
1451,17,2,"2025-02-20 09:44:18"
1452,243,2,"2025-02-28 11:42:10"
1453,335,2,"2025-02-12 14:19:18"
1454,159,2,"2025-02-14 18:59:15"
1455,80,1,"2025-02-07 09:29:09"
1456,61,1,"2025-02-03 06:37:56"
1457,38,2,"2025-02-04 13:08:09"
1458,297,1,"2025-02-25 11:44:20"
1459,63,2,"2025-02-23 13:27:26"
1460,336,1,"2025-02-23 09:57:30"
1461,177,1,"2025-02-12 08:25:12"
1462,130,2,"2025-02-02 06:53:54"
1463,338,2,"2025-02-06 19:31:29"
1464,231,1,"2025-02-26 17:55:20"
1465,217,2,"2025-02-27 11:47:45"
1466,95,1,"2025-02-25 15:55:44"
1467,213,1,"2025-02-28 18:10:16"
1468,22,1,"2025-02-16 20:21:09"
1469,143,1,"2025-02-08 14:38:31"
1470,5,2,"2025-02-24 08:26:02"
1471,191,2,"2025-02-23 11:51:39"
1472,257,1,"2025-02-01 07:30:49"
1473,338,2,"2025-02-07 08:21:43"
1474,303,1,"2025-02-17 12:56:33"
1475,21,2,"2025-02-14 18:46:51"
1476,276,2,"2025-02-24 15:35:18"
1477,209,1,"2025-02-02 10:21:01"
1478,238,1,"2025-02-16 19:56:26"
1479,231,2,"2025-02-11 19:37:14"
1480,20,1,"2025-02-10 20:41:54"
1481,203,2,"2025-02-22 20:37:16"
1482,114,2,"2025-02-01 14:14:02"
1483,25,1,"2025-02-08 12:00:27"
1484,280,2,"2025-02-26 18:17:34"
1485,328,2,"2025-02-01 14:55:46"
1486,255,1,"2025-02-25 15:42:03"
1487,60,1,"2025-02-18 16:35:18"
1488,91,1,"2025-02-13 14:46:21"
1489,169,1,"2025-02-01 16:27:05"
1490,133,1,"2025-02-16 06:06:08"
1491,213,1,"2025-02-22 10:42:16"
1492,186,1,"2025-02-14 09:46:10"
1493,278,1,"2025-02-25 20:18:19"
1494,2,1,"2025-02-03 08:55:07"
1495,139,1,"2025-02-03 18:49:50"
1496,63,2,"2025-02-04 18:28:21"
1497,315,2,"2025-02-17 07:30:42"
1498,48,2,"2025-02-26 07:22:50"
1499,280,2,"2025-02-06 12:51:12"
1500,318,1,"2025-02-24 06:58:58"
1501,83,1,"2025-02-03 08:09:21"
1502,180,1,"2025-02-16 20:48:40"
1503,222,1,"2025-02-11 19:24:50"
1504,207,1,"2025-02-26 14:49:51"
1505,248,1,"2025-02-06 09:39:40"
1506,254,2,"2025-02-24 09:53:42"
1507,102,1,"2025-02-13 11:41:23"
1508,293,2,"2025-02-02 13:12:00"
1509,333,2,"2025-02-01 16:59:23"
1510,162,2,"2025-02-14 17:53:00"
1511,305,1,"2025-02-03 08:53:06"
1512,284,2,"2025-02-19 08:30:31"
1513,327,2,"2025-02-04 15:51:02"
1514,218,2,"2025-02-08 10:34:52"
1515,154,1,"2025-02-02 19:06:03"
1516,79,2,"2025-02-23 10:52:24"
1517,272,2,"2025-02-11 19:26:04"
1518,154,2,"2025-02-03 13:19:47"
1519,95,1,"2025-02-01 06:18:20"
1520,309,1,"2025-02-28 08:59:33"
1521,171,2,"2025-02-12 07:06:16"
1522,299,1,"2025-02-04 08:36:13"
1523,282,1,"2025-02-08 06:17:19"
1524,296,2,"2025-02-26 17:35:59"
1525,207,1,"2025-02-18 16:19:06"
1526,48,2,"2025-02-10 20:56:26"
1527,36,1,"2025-02-09 17:03:08"
1528,245,1,"2025-02-19 06:06:57"
1529,278,1,"2025-02-16 18:23:25"
1530,127,1,"2025-02-09 08:37:35"
1531,292,1,"2025-02-11 08:11:41"
1532,112,1,"2025-02-21 18:01:30"
1533,350,1,"2025-02-06 17:52:55"
1534,140,1,"2025-02-14 06:43:33"
1535,221,1,"2025-02-16 14:15:03"
1536,271,2,"2025-02-20 16:24:12"
1537,211,2,"2025-02-12 08:25:37"
1538,64,2,"2025-02-09 09:39:54"
1539,1,1,"2025-02-09 16:38:31"
1540,130,1,"2025-02-13 15:12:47"
1541,298,1,"2025-02-19 08:52:41"
1542,21,1,"2025-02-22 09:08:45"
1543,37,2,"2025-02-08 17:02:46"
1544,295,1,"2025-02-05 09:17:07"
1545,8,2,"2025-02-21 09:45:07"
1546,74,1,"2025-02-04 11:13:28"
1547,189,2,"2025-02-24 16:50:07"
1548,349,2,"2025-02-14 12:42:33"
1549,326,1,"2025-02-15 16:12:54"
1550,341,1,"2025-02-07 12:22:12"
1551,26,2,"2025-02-16 13:17:27"
1552,32,1,"2025-02-01 12:29:10"
1553,105,2,"2025-02-24 13:33:18"
1554,146,2,"2025-02-04 20:18:09"
1555,243,1,"2025-02-06 12:49:00"
1556,330,1,"2025-02-19 13:22:19"
1557,142,2,"2025-02-15 09:44:55"
1558,113,2,"2025-02-13 10:10:30"
1559,331,2,"2025-02-05 06:49:15"
1560,329,1,"2025-02-13 09:35:32"
1561,268,2,"2025-02-04 10:46:23"
1562,338,2,"2025-02-23 07:17:55"
1563,291,1,"2025-02-24 12:01:04"
1564,126,1,"2025-02-08 20:18:16"
1565,77,1,"2025-02-21 13:33:00"
1566,284,2,"2025-02-11 18:44:49"
1567,100,1,"2025-02-19 11:00:30"
1568,218,2,"2025-02-04 17:19:46"
1569,103,2,"2025-02-23 18:17:37"
1570,289,2,"2025-02-22 19:38:36"
1571,101,1,"2025-02-04 12:30:39"
1572,183,2,"2025-02-11 06:54:21"
1573,253,1,"2025-02-25 09:34:21"
1574,40,1,"2025-02-14 14:01:44"
1575,211,1,"2025-02-19 20:08:14"
1576,38,1,"2025-02-07 13:26:34"
1577,70,1,"2025-02-22 14:28:45"
1578,50,1,"2025-02-24 09:13:23"
1579,210,1,"2025-02-09 06:58:37"
1580,231,1,"2025-02-09 16:37:56"
1581,314,1,"2025-02-03 11:59:15"
1582,307,1,"2025-02-03 18:16:50"
1583,278,1,"2025-02-02 13:44:17"
1584,4,2,"2025-02-22 18:44:46"
1585,170,1,"2025-02-27 09:50:26"
1586,295,2,"2025-02-03 14:37:14"
1587,183,2,"2025-02-01 12:44:22"
1588,50,1,"2025-02-18 17:10:01"
1589,81,1,"2025-02-22 10:12:11"
1590,101,1,"2025-02-24 06:46:11"
1591,32,2,"2025-02-07 08:18:29"
1592,61,1,"2025-02-08 15:08:02"
1593,154,2,"2025-02-12 16:48:56"
1594,82,2,"2025-02-05 17:04:53"
1595,18,1,"2025-02-13 06:10:23"
1596,56,1,"2025-02-22 19:57:26"
1597,79,2,"2025-02-25 08:13:04"
1598,86,2,"2025-02-04 12:14:44"
1599,347,2,"2025-02-23 14:45:35"
1600,273,1,"2025-02-15 08:53:38"
1601,228,2,"2025-02-15 12:11:39"
1602,11,1,"2025-02-11 10:38:13"
1603,275,2,"2025-02-13 10:24:49"
1604,65,1,"2025-02-03 19:37:07"
1605,58,2,"2025-02-08 17:44:34"
1606,70,1,"2025-02-13 20:41:37"
1607,119,1,"2025-02-17 08:34:56"
1608,311,1,"2025-02-08 20:03:32"
1609,174,1,"2025-02-08 14:35:05"
1610,70,1,"2025-02-09 10:21:35"
1611,106,1,"2025-02-02 12:31:54"
1612,326,1,"2025-02-26 18:14:44"
1613,37,2,"2025-02-17 08:39:28"
1614,165,2,"2025-02-24 16:34:05"
1615,173,1,"2025-02-06 16:17:54"
1616,14,1,"2025-02-02 18:00:49"
1617,43,2,"2025-02-28 18:46:01"
1618,327,1,"2025-02-06 18:47:51"
1619,51,2,"2025-02-03 17:12:30"
1620,191,1,"2025-02-26 20:34:41"
1621,14,1,"2025-02-26 16:47:38"
1622,59,2,"2025-02-12 11:24:43"
1623,44,1,"2025-02-25 10:16:10"
1624,245,2,"2025-02-20 16:36:34"
1625,40,1,"2025-02-16 14:58:49"
1626,257,1,"2025-02-06 19:48:18"
1627,260,2,"2025-02-11 12:30:02"
1628,26,1,"2025-02-15 06:02:38"
1629,194,2,"2025-02-22 10:56:15"
1630,265,2,"2025-02-21 11:05:23"
1631,289,1,"2025-02-17 08:25:24"
1632,138,1,"2025-02-08 12:09:51"
1633,188,2,"2025-02-11 11:42:03"
1634,193,1,"2025-02-27 08:50:36"
1635,241,1,"2025-02-18 17:02:40"
1636,309,2,"2025-02-14 09:15:26"
1637,320,1,"2025-02-20 11:50:01"
1638,25,1,"2025-02-05 07:03:17"
1639,271,1,"2025-02-28 12:16:53"
1640,3,2,"2025-02-18 20:33:47"
1641,330,1,"2025-02-21 17:16:54"
1642,128,1,"2025-02-18 13:31:56"
1643,271,1,"2025-02-13 17:48:12"
1644,345,1,"2025-02-13 10:15:09"
1645,348,2,"2025-02-05 17:25:39"
1646,331,2,"2025-02-24 08:33:36"
1647,125,2,"2025-02-14 10:10:01"
1648,271,2,"2025-02-25 17:08:23"
1649,129,1,"2025-02-07 07:19:49"
1650,200,2,"2025-02-15 19:02:52"
1651,192,2,"2025-02-21 12:10:22"
1652,207,1,"2025-02-28 19:02:11"
1653,279,1,"2025-02-24 16:23:21"
1654,12,1,"2025-02-10 09:55:58"
1655,144,2,"2025-02-16 12:19:26"
1656,259,1,"2025-02-17 15:52:33"
1657,189,1,"2025-02-25 09:46:06"
1658,92,2,"2025-02-18 17:32:33"
1659,313,1,"2025-02-11 17:08:29"
1660,149,1,"2025-02-22 17:21:02"
1661,111,1,"2025-02-28 10:15:13"
1662,270,2,"2025-02-25 19:22:12"
1663,63,2,"2025-02-19 11:56:45"
1664,53,1,"2025-02-24 09:51:09"
1665,270,2,"2025-02-04 17:38:29"
1666,279,1,"2025-02-24 20:50:07"
1667,47,1,"2025-02-20 09:15:37"
1668,330,2,"2025-02-16 09:08:25"
1669,18,1,"2025-02-08 06:56:26"
1670,259,2,"2025-02-03 20:48:39"
1671,237,2,"2025-02-25 11:24:06"
1672,269,1,"2025-02-25 14:46:55"
1673,14,1,"2025-02-01 20:11:13"
1674,213,1,"2025-02-19 07:21:49"
1675,269,1,"2025-02-18 08:53:38"
1676,242,2,"2025-02-08 17:24:21"
1677,306,1,"2025-02-09 17:18:52"
1678,2,1,"2025-02-24 20:26:58"
1679,178,1,"2025-02-13 11:39:50"
1680,37,1,"2025-02-02 07:19:38"
1681,295,2,"2025-02-28 14:40:49"
1682,119,2,"2025-02-04 14:18:14"
1683,14,1,"2025-02-17 13:21:53"
1684,81,1,"2025-02-25 12:12:10"
1685,38,1,"2025-02-20 15:32:09"
1686,215,1,"2025-02-15 10:21:21"
1687,151,1,"2025-02-03 10:59:02"
1688,22,2,"2025-02-17 14:26:47"
1689,173,1,"2025-02-21 06:49:50"
1690,223,1,"2025-02-16 20:25:27"
1691,66,2,"2025-02-17 17:06:07"
1692,99,1,"2025-02-25 19:01:02"
1693,200,2,"2025-02-17 20:13:23"
1694,14,2,"2025-02-20 07:52:55"
1695,165,1,"2025-02-05 16:29:04"
1696,131,2,"2025-02-04 08:49:13"
1697,261,1,"2025-02-12 06:52:27"
1698,321,2,"2025-02-14 15:06:31"
1699,74,1,"2025-02-14 18:35:41"
1700,21,1,"2025-02-17 19:16:18"
1701,3,2,"2025-02-08 10:57:35"
1702,122,2,"2025-02-25 09:21:19"
1703,271,1,"2025-02-28 16:58:35"
1704,331,2,"2025-02-14 06:13:14"
1705,53,2,"2025-02-20 17:07:03"
1706,311,1,"2025-02-15 17:44:01"
1707,34,2,"2025-02-17 11:36:37"
1708,9,2,"2025-02-10 15:11:59"
1709,207,2,"2025-02-09 15:51:10"
1710,193,2,"2025-02-25 15:36:51"
1711,308,2,"2025-02-27 14:41:38"
1712,75,2,"2025-02-03 20:33:18"
1713,128,1,"2025-02-19 12:40:36"
1714,11,2,"2025-02-11 15:06:18"
1715,100,1,"2025-02-19 15:50:54"
1716,115,2,"2025-02-07 07:11:53"
1717,207,1,"2025-02-25 08:49:27"
1718,286,2,"2025-02-14 15:44:01"
1719,235,2,"2025-02-05 12:40:07"
1720,111,2,"2025-02-01 16:28:11"
1721,311,1,"2025-02-18 17:14:33"
1722,186,1,"2025-02-11 16:42:38"
1723,288,1,"2025-02-17 08:42:57"
1724,2,2,"2025-02-27 19:18:52"
1725,73,2,"2025-02-14 20:42:07"
1726,76,2,"2025-02-11 06:35:51"
1727,347,1,"2025-02-19 18:22:34"
1728,282,2,"2025-02-14 16:17:05"
1729,323,1,"2025-02-19 12:22:26"
1730,247,2,"2025-02-27 09:00:35"
1731,75,1,"2025-02-04 16:53:43"
1732,173,1,"2025-02-26 14:20:36"
1733,137,2,"2025-02-09 19:12:49"
1734,160,2,"2025-02-18 08:15:37"
1735,16,1,"2025-02-21 20:02:54"
1736,4,2,"2025-02-16 18:14:00"
1737,200,1,"2025-02-20 12:58:56"
1738,199,1,"2025-02-02 07:53:48"
1739,314,2,"2025-02-03 07:42:12"
1740,25,1,"2025-02-27 19:54:01"
1741,332,2,"2025-02-13 14:03:39"
1742,38,2,"2025-02-03 10:40:38"
1743,91,1,"2025-02-02 13:26:49"
1744,211,1,"2025-02-28 15:28:41"
1745,327,2,"2025-02-02 17:23:14"
1746,226,2,"2025-02-09 06:57:31"
1747,30,2,"2025-02-20 10:25:10"
1748,211,1,"2025-02-05 17:25:48"
1749,285,1,"2025-02-20 08:22:01"
1750,321,2,"2025-02-24 19:31:46"
1751,290,1,"2025-02-13 20:03:10"
1752,204,2,"2025-02-25 18:16:01"
1753,233,1,"2025-02-03 09:12:12"
1754,161,2,"2025-02-03 20:08:59"
1755,177,2,"2025-02-23 20:10:12"
1756,41,2,"2025-02-04 13:34:59"
1757,85,1,"2025-02-01 09:54:57"
1758,195,1,"2025-02-03 15:10:00"
1759,263,2,"2025-02-08 18:27:15"
1760,294,2,"2025-02-05 13:31:34"
1761,230,1,"2025-02-13 07:12:13"
1762,136,1,"2025-02-22 14:18:19"
1763,166,1,"2025-02-24 08:55:37"
1764,262,1,"2025-02-05 19:25:18"
1765,146,1,"2025-02-27 07:27:17"
1766,129,1,"2025-02-08 13:13:43"
1767,73,2,"2025-02-13 13:34:06"
1768,263,1,"2025-02-24 18:31:42"
1769,83,1,"2025-02-06 07:00:53"
1770,275,1,"2025-02-16 20:52:37"
1771,266,2,"2025-02-04 16:12:16"
1772,252,2,"2025-02-06 15:34:21"
1773,119,1,"2025-02-08 18:27:55"
1774,279,2,"2025-02-04 19:32:11"
1775,294,2,"2025-02-14 06:21:14"
1776,302,2,"2025-02-24 06:31:50"
1777,233,2,"2025-02-13 16:59:07"
1778,255,1,"2025-02-23 06:25:55"
1779,76,1,"2025-02-13 14:49:51"
1780,277,1,"2025-02-12 18:00:24"
1781,93,1,"2025-02-03 16:53:10"
1782,82,1,"2025-02-21 11:20:43"
1783,188,1,"2025-02-13 16:55:42"
1784,54,2,"2025-02-25 11:34:28"
1785,38,1,"2025-02-13 15:09:46"
1786,291,2,"2025-02-03 15:08:20"
1787,286,2,"2025-02-15 18:38:02"
1788,278,2,"2025-02-08 12:39:38"
1789,82,1,"2025-02-26 14:55:01"
1790,18,1,"2025-02-02 19:21:51"
1791,307,2,"2025-02-22 19:34:27"
1792,153,2,"2025-02-17 10:41:08"
1793,284,1,"2025-02-28 17:39:32"
1794,232,2,"2025-02-21 07:18:22"
1795,336,2,"2025-02-26 18:58:02"
1796,121,2,"2025-02-03 11:59:11"
1797,277,1,"2025-02-15 12:30:12"
1798,141,2,"2025-02-01 20:39:28"
1799,322,2,"2025-02-25 07:39:04"
1800,197,1,"2025-02-16 15:34:31"
1801,224,2,"2025-02-28 15:36:58"
1802,67,2,"2025-02-23 19:09:53"
1803,20,2,"2025-02-17 15:12:31"
1804,330,1,"2025-02-22 14:00:25"
1805,189,1,"2025-02-22 16:50:15"
1806,340,2,"2025-02-23 10:56:01"
1807,318,2,"2025-02-25 12:24:46"
1808,16,1,"2025-02-22 13:36:02"
1809,91,2,"2025-02-06 10:57:34"
1810,94,2,"2025-02-28 11:17:16"
1811,72,2,"2025-02-15 15:25:12"
1812,96,1,"2025-02-27 19:39:18"
1813,295,2,"2025-02-21 08:43:34"
1814,114,1,"2025-02-26 12:53:55"
1815,53,2,"2025-02-18 20:59:36"
1816,349,2,"2025-02-13 08:16:05"
1817,248,1,"2025-02-06 14:48:21"
1818,88,2,"2025-02-11 12:10:36"
1819,114,2,"2025-02-19 09:55:44"
1820,190,1,"2025-02-17 15:50:43"
1821,287,2,"2025-02-08 19:32:06"
1822,251,2,"2025-02-12 11:01:41"
1823,9,2,"2025-02-13 19:35:20"
1824,148,2,"2025-02-25 13:49:43"
1825,322,1,"2025-02-08 06:12:19"
1826,296,1,"2025-02-22 20:32:52"
1827,307,2,"2025-02-27 07:58:30"
1828,171,1,"2025-02-06 06:12:33"
1829,187,1,"2025-02-09 18:02:05"
1830,151,2,"2025-02-13 10:05:20"
1831,104,1,"2025-02-04 11:52:20"
1832,318,1,"2025-02-07 17:11:23"
1833,269,1,"2025-02-27 12:30:46"
1834,163,1,"2025-02-08 18:27:28"
1835,77,1,"2025-02-01 15:17:54"
1836,19,2,"2025-02-10 18:50:05"
1837,271,1,"2025-02-06 13:24:39"
1838,288,1,"2025-02-23 15:33:30"
1839,245,1,"2025-02-20 17:53:08"
1840,264,2,"2025-02-09 11:08:15"
1841,170,2,"2025-02-13 08:56:08"
1842,299,2,"2025-02-14 06:20:55"
1843,227,2,"2025-02-26 18:28:34"
1844,253,2,"2025-02-10 19:10:08"
1845,343,2,"2025-02-17 11:47:57"
1846,302,2,"2025-02-18 16:21:46"
1847,315,2,"2025-02-12 18:55:20"
1848,315,1,"2025-02-06 14:08:19"
1849,171,1,"2025-02-03 18:44:27"
1850,21,1,"2025-02-05 20:54:00"
1851,328,1,"2025-02-05 18:19:23"
1852,38,1,"2025-02-19 16:56:14"
1853,60,2,"2025-02-05 16:56:52"
1854,3,2,"2025-02-28 11:04:13"
1855,105,2,"2025-02-11 13:02:33"
1856,52,2,"2025-02-18 17:11:43"
1857,269,2,"2025-02-10 10:54:33"
1858,252,1,"2025-02-13 15:39:45"
1859,114,2,"2025-02-16 19:44:59"
1860,226,2,"2025-02-15 20:40:50"
1861,4,1,"2025-02-21 12:09:47"
1862,86,2,"2025-02-12 19:32:47"
1863,112,1,"2025-02-10 09:04:33"
1864,55,1,"2025-02-23 14:51:52"
1865,103,1,"2025-02-07 19:04:08"
1866,157,1,"2025-02-27 16:00:40"
1867,47,1,"2025-02-02 12:47:00"
1868,105,2,"2025-02-14 10:31:10"
1869,242,2,"2025-02-12 06:34:10"
1870,234,1,"2025-02-17 17:05:42"
1871,246,2,"2025-02-26 08:57:22"
1872,288,2,"2025-02-11 10:47:23"
1873,293,1,"2025-02-16 08:24:09"
1874,262,2,"2025-02-11 08:39:05"
1875,124,1,"2025-02-13 20:42:35"
1876,94,2,"2025-02-13 06:35:55"
1877,33,2,"2025-02-04 16:30:11"
1878,112,1,"2025-02-22 09:12:28"
1879,94,1,"2025-02-27 20:01:20"
1880,315,1,"2025-02-05 15:36:58"
1881,52,2,"2025-02-24 12:56:10"
1882,300,1,"2025-02-26 11:42:54"
1883,282,1,"2025-02-21 10:15:35"
1884,335,2,"2025-02-08 20:10:20"
1885,277,1,"2025-02-23 09:50:36"
1886,214,1,"2025-02-11 14:19:17"
1887,253,1,"2025-02-16 17:41:29"
1888,127,1,"2025-02-06 18:25:18"
1889,130,2,"2025-02-19 11:16:55"
1890,93,2,"2025-02-20 17:46:07"
1891,299,2,"2025-02-20 19:54:55"
1892,226,1,"2025-02-01 08:36:11"
1893,342,2,"2025-02-06 06:21:15"
1894,58,1,"2025-02-25 14:58:31"
1895,168,1,"2025-02-16 17:57:52"
1896,125,1,"2025-02-19 14:58:33"
1897,51,1,"2025-02-05 06:51:43"
1898,28,1,"2025-02-26 11:25:46"
1899,136,2,"2025-02-06 06:56:02"
1900,239,2,"2025-02-20 18:43:56"
1901,191,2,"2025-02-12 16:13:44"
1902,202,1,"2025-02-06 09:40:34"
1903,21,1,"2025-02-26 19:59:48"
1904,199,1,"2025-02-01 10:19:15"
1905,294,2,"2025-02-27 15:54:50"
1906,84,1,"2025-02-04 13:04:22"
1907,48,1,"2025-02-28 17:36:57"
1908,86,2,"2025-02-25 08:41:36"
1909,102,2,"2025-02-22 06:05:19"
1910,262,1,"2025-02-09 16:55:47"
1911,3,2,"2025-02-02 15:52:12"
1912,304,2,"2025-02-16 07:13:43"
1913,204,1,"2025-02-03 15:07:09"
1914,60,1,"2025-02-21 08:46:09"
1915,236,2,"2025-02-06 07:55:43"
1916,28,1,"2025-02-15 18:42:08"
1917,46,1,"2025-02-20 18:47:43"
1918,67,1,"2025-02-04 12:25:06"
1919,17,2,"2025-02-02 07:39:46"
1920,271,2,"2025-02-05 17:21:42"
1921,110,1,"2025-02-08 09:59:39"
1922,195,2,"2025-02-10 15:12:27"
1923,92,2,"2025-02-07 14:00:42"
1924,155,1,"2025-02-21 20:42:51"
1925,91,1,"2025-02-05 18:50:18"
1926,286,2,"2025-02-03 10:01:50"
1927,173,1,"2025-02-21 14:08:59"
1928,77,2,"2025-02-19 16:20:08"
1929,303,1,"2025-02-13 08:01:53"
1930,195,1,"2025-02-23 19:23:22"
1931,1,1,"2025-02-26 17:47:41"
1932,177,1,"2025-02-23 16:36:38"
1933,9,1,"2025-02-25 17:37:31"
1934,142,1,"2025-02-08 13:07:09"
1935,168,2,"2025-02-14 20:22:35"
1936,67,1,"2025-02-13 10:48:59"
1937,80,1,"2025-02-28 06:16:04"
1938,217,1,"2025-02-05 13:59:03"
1939,119,2,"2025-02-12 15:10:30"
1940,318,1,"2025-02-09 06:10:38"
1941,221,2,"2025-02-15 17:46:05"
1942,117,1,"2025-02-28 15:01:26"
1943,333,1,"2025-02-05 19:18:33"
1944,82,1,"2025-02-11 11:16:55"
1945,147,1,"2025-02-08 17:45:55"
1946,316,2,"2025-02-08 06:07:01"
1947,328,2,"2025-02-13 13:36:58"
1948,158,1,"2025-02-12 12:57:50"
1949,179,2,"2025-02-12 13:37:43"
1950,127,2,"2025-02-10 12:53:11"
1951,129,2,"2025-02-16 19:06:08"
1952,285,1,"2025-02-14 06:07:02"
1953,264,1,"2025-02-25 07:51:50"
1954,212,1,"2025-02-02 09:01:51"
1955,47,2,"2025-02-04 13:25:17"
1956,279,1,"2025-02-06 12:33:02"
1957,344,2,"2025-02-17 07:51:46"
1958,16,1,"2025-02-15 07:09:37"
1959,44,1,"2025-02-11 17:03:29"
1960,53,1,"2025-02-17 06:26:28"
1961,171,1,"2025-02-02 13:45:14"
1962,185,2,"2025-02-02 19:55:18"
1963,206,1,"2025-02-16 10:12:51"
1964,9,2,"2025-02-04 17:12:01"
1965,271,2,"2025-02-06 11:34:55"
1966,306,2,"2025-02-15 12:45:27"
1967,288,1,"2025-02-16 06:13:07"
1968,103,2,"2025-02-11 09:42:51"
1969,226,2,"2025-02-06 19:51:58"
1970,224,1,"2025-02-27 12:56:25"
1971,269,1,"2025-02-03 11:37:04"
1972,244,1,"2025-02-27 08:44:54"
1973,213,2,"2025-02-02 06:17:25"
1974,302,1,"2025-02-04 10:21:40"
1975,26,2,"2025-02-25 07:50:07"
1976,64,2,"2025-02-19 13:42:29"
1977,135,1,"2025-02-02 06:47:41"
1978,289,2,"2025-02-18 18:35:04"
1979,342,1,"2025-02-19 06:20:15"
1980,131,1,"2025-02-11 18:11:02"
1981,307,2,"2025-02-26 15:19:41"
1982,253,1,"2025-02-13 18:38:33"
1983,303,2,"2025-02-21 07:12:29"
1984,196,2,"2025-02-22 07:52:26"
1985,51,1,"2025-02-04 12:58:24"
1986,249,2,"2025-02-07 13:18:03"
1987,90,2,"2025-02-19 10:15:14"
1988,264,2,"2025-02-14 08:13:47"
1989,313,2,"2025-02-19 15:58:07"
1990,136,1,"2025-02-26 06:04:45"
1991,14,1,"2025-02-14 19:42:08"
1992,277,1,"2025-02-15 06:32:29"
1993,82,1,"2025-02-04 07:26:03"
1994,133,1,"2025-02-21 18:42:40"
1995,280,1,"2025-02-28 20:57:59"
1996,315,2,"2025-02-08 11:43:44"
1997,228,1,"2025-02-05 20:07:05"
1998,321,2,"2025-02-24 19:34:32"
1999,37,2,"2025-02-22 14:01:52"
2000,83,1,"2025-02-09 10:34:08"
2001,268,1,"2025-02-15 20:56:22"
2002,225,1,"2025-02-19 13:32:23"
2003,14,2,"2025-02-18 08:03:51"
