dia;chuva_mm_min;chuva_mm_max;chuva_mm_mean;chuva_mm_sum;temp_c_min;temp_c_max;temp_c_mean;temp_c_sum;umidade_min;umidade_max;umidade_mean;umidade_sum;estacao;ano;mes
2025-01-01;0.0;0.4;0.016666666666666666;0.4;19.0;29.0;22.866666666666664;548.8;40.0;88.0;70.83333333333333;1700.0;Verao;2025;1
2025-01-02;0.0;0.2;0.008333333333333333;0.2;19.3;30.7;24.5625;589.5;36.0;87.0;63.333333333333336;1520.0;Verao;2025;1
2025-01-03;0.0;12.0;0.5666666666666667;13.6;20.9;30.2;23.77916666666667;570.7;44.0;90.0;68.875;1653.0;Verao;2025;1
2025-01-04;0.0;0.4;0.016666666666666666;0.4;20.9;28.4;24.370833333333334;584.9;47.0;80.0;66.66666666666667;1600.0;Verao;2025;1
2025-01-05;0.0;0.4;0.041666666666666664;1.0;19.5;28.4;23.4375;562.5;42.0;87.0;70.125;1683.0;Verao;2025;1
2025-01-06;0.0;0.0;0.0;0.0;20.4;30.8;23.53333333333333;564.8;27.0;81.0;67.20833333333333;1613.0;Verao;2025;1
2025-01-07;0.0;5.4;0.39166666666666666;9.4;19.9;29.1;22.45;538.8;43.0;88.0;73.29166666666667;1759.0;Verao;2025;1
2025-01-08;0.0;1.4;0.10833333333333332;2.5999999999999996;19.4;27.9;21.9375;526.5;50.0;85.0;73.79166666666667;1771.0;Verao;2025;1
2025-01-09;0.0;0.0;0.0;0.0;18.8;25.6;20.970833333333335;503.3;55.0;86.0;73.91666666666667;1774.0;Verao;2025;1
2025-01-10;0.0;0.2;0.016666666666666666;0.4;18.2;26.5;21.458333333333332;515.0;44.0;87.0;67.45833333333333;1619.0;Verao;2025;1
2025-01-11;0.0;0.0;0.0;0.0;16.3;27.7;21.099999999999998;506.4;37.0;83.0;65.54166666666667;1573.0;Verao;2025;1
2025-01-12;0.0;0.0;0.0;0.0;18.8;24.9;21.212500000000002;509.1;50.0;81.0;68.16666666666667;1636.0;Verao;2025;1
2025-01-13;0.0;0.0;0.0;0.0;17.2;24.5;20.3875;489.3;48.0;80.0;65.83333333333333;1580.0;Verao;2025;1
2025-01-14;0.0;0.0;0.0;0.0;16.3;23.1;19.345833333333335;464.3;56.0;85.0;71.29166666666667;1711.0;Verao;2025;1
2025-01-15;0.0;0.0;0.0;0.0;18.6;28.4;22.104166666666668;530.5;47.0;80.0;67.91666666666667;1630.0;Verao;2025;1
2025-01-16;0.0;5.2;0.3583333333333334;8.600000000000001;20.6;29.4;23.541666666666668;565.0;50.0;91.0;72.79166666666667;1747.0;Verao;2025;1
2025-01-17;0.0;16.6;1.125;27.0;20.5;27.7;23.758333333333336;570.2;58.0;99.0;78.375;1881.0;Verao;2025;1
2025-01-18;0.0;0.4;0.016666666666666666;0.4;21.2;31.8;25.870833333333334;620.9;42.0;88.0;65.54166666666667;1573.0;Verao;2025;1
2025-01-19;0.0;4.6;0.19166666666666665;4.6;22.3;31.0;26.22083333333333;629.3;41.0;84.0;65.29166666666667;1567.0;Verao;2025;1
2025-01-20;0.0;0.0;0.0;0.0;22.1;31.1;26.516666666666666;636.4;41.0;77.0;60.916666666666664;1462.0;Verao;2025;1
2025-01-21;0.0;0.0;0.0;0.0;23.8;32.8;27.650000000000002;663.6;36.0;70.0;54.666666666666664;1312.0;Verao;2025;1
2025-01-22;0.0;12.0;0.5583333333333333;13.4;22.6;34.1;27.0125;648.3;27.0;88.0;59.541666666666664;1429.0;Verao;2025;1
2025-01-23;0.0;0.0;0.0;0.0;21.6;31.1;25.182608695652174;579.2;42.0;80.0;62.34782608695652;1434.0;Verao;2025;1
2025-01-24;0.0;82.0;5.225;125.39999999999999;19.3;31.9;23.96666666666667;575.2;37.0;100.0;73.5;1764.0;Verao;2025;1
2025-01-25;0.0;0.6;0.03333333333333333;0.8;20.4;31.9;25.054166666666664;601.3;37.0;100.0;71.20833333333333;1709.0;Verao;2025;1
2025-01-26;0.0;18.4;1.7083333333333333;41.0;19.8;29.3;23.3875;561.3;50.0;100.0;77.08333333333333;1850.0;Verao;2025;1
2025-01-27;0.0;8.2;0.5333333333333333;12.8;20.5;25.9;22.212500000000002;533.1;61.0;96.0;81.04166666666667;1945.0;Verao;2025;1
2025-01-28;0.0;5.2;0.5;12.0;19.6;27.3;22.358333333333334;536.6;58.0;91.0;81.54166666666667;1957.0;Verao;2025;1
2025-01-29;0.0;9.2;1.0;24.0;20.3;25.6;21.84583333333333;524.3;69.0;99.0;91.70833333333333;2201.0;Verao;2025;1
2025-01-30;0.0;1.4;0.3083333333333333;7.3999999999999995;20.8;25.6;21.883333333333336;525.2;68.0;92.0;86.5;2076.0;Verao;2025;1
2025-01-31;0.0;3.6;0.17500000000000002;4.2;20.6;26.7;22.900000000000002;549.6;57.0;96.0;79.83333333333333;1916.0;Verao;2025;1
2025-02-01;0.0;19.6;3.4166666666666665;82.0;19.0;26.2;21.891666666666666;525.4;61.0;100.0;84.95833333333333;2039.0;Verao;2025;2
2025-02-02;0.0;5.4;0.35000000000000003;8.4;21.1;27.5;22.858333333333334;548.6;58.0;92.0;81.29166666666667;1951.0;Verao;2025;2
2025-02-03;0.0;11.8;1.6083333333333334;38.6;20.3;27.1;22.291666666666668;535.0;55.0;97.0;81.375;1953.0;Verao;2025;2
2025-02-04;0.0;7.2;0.5416666666666666;13.0;20.4;27.8;23.120833333333334;554.9;55.0;90.0;73.91666666666667;1774.0;Verao;2025;2
2025-02-05;0.0;0.0;0.0;0.0;20.0;30.1;23.933333333333334;574.4;47.0;91.0;73.33333333333333;1760.0;Verao;2025;2
2025-02-06;0.0;15.8;0.775;18.6;20.6;32.4;25.724999999999998;617.4;32.0;91.0;59.5;1428.0;Verao;2025;2
2025-02-07;0.0;0.0;0.0;0.0;21.0;31.0;25.1375;603.3;42.0;84.0;66.875;1605.0;Verao;2025;2
2025-02-08;0.0;0.0;0.0;0.0;22.0;31.2;25.208333333333332;605.0;43.0;82.0;65.66666666666667;1576.0;Verao;2025;2
2025-02-09;0.0;0.0;0.0;0.0;20.5;32.6;25.179166666666664;604.3;26.0;82.0;60.5;1452.0;Verao;2025;2
2025-02-10;0.0;35.6;1.5416666666666667;37.0;18.7;31.0;23.641666666666666;567.4;36.0;97.0;70.29166666666667;1687.0;Verao;2025;2
2025-02-11;0.0;0.0;0.0;0.0;20.5;31.4;25.334782608695654;582.7;29.0;90.0;64.47826086956522;1483.0;Verao;2025;2
2025-02-12;0.0;0.0;0.0;0.0;22.4;31.8;26.962500000000002;647.1;34.0;72.0;52.5;1260.0;Verao;2025;2
2025-02-13;0.0;12.6;0.7043478260869565;16.2;20.4;30.3;25.104347826086954;577.4;36.0;89.0;63.95652173913044;1471.0;Verao;2025;2
2025-02-14;0.0;34.4;1.4916666666666665;35.8;20.2;28.3;23.0;552.0;53.0;98.0;80.16666666666667;1924.0;Verao;2025;2
2025-02-15;0.0;2.8;0.125;3.0;19.5;32.3;24.09166666666667;578.2;36.0;90.0;74.25;1782.0;Verao;2025;2
2025-02-16;0.0;0.0;0.0;0.0;21.5;32.3;27.004166666666666;648.1;35.0;85.0;61.25;1470.0;Verao;2025;2
2025-02-17;0.0;0.0;0.0;0.0;23.2;32.8;28.599999999999998;686.4;26.0;65.0;43.416666666666664;1042.0;Verao;2025;2
2025-02-18;0.0;14.4;0.6166666666666666;14.799999999999999;22.1;32.4;26.620833333333334;638.9;33.0;84.0;58.458333333333336;1403.0;Verao;2025;2
2025-02-19;0.0;14.0;0.625;15.0;18.7;32.2;24.337500000000002;584.1;39.0;87.0;67.375;1617.0;Verao;2025;2
2025-02-20;0.0;0.0;0.0;0.0;22.9;32.6;25.925;622.2;40.0;81.0;64.75;1554.0;Verao;2025;2
2025-02-21;0.0;0.0;0.0;0.0;22.9;30.9;25.587500000000002;614.1;49.0;80.0;68.95833333333333;1655.0;Verao;2025;2
2025-02-22;0.0;0.0;0.0;0.0;22.2;30.7;25.099999999999998;602.4;47.0;81.0;67.375;1617.0;Verao;2025;2
2025-02-23;0.0;0.2;0.008333333333333333;0.2;21.3;31.3;24.854166666666668;596.5;34.0;80.0;64.66666666666667;1552.0;Verao;2025;2
2025-02-24;0.0;0.0;0.0;0.0;21.5;31.2;25.65833333333333;615.8;31.0;82.0;62.416666666666664;1498.0;Verao;2025;2
2025-02-25;0.0;0.0;0.0;0.0;21.6;32.3;25.891666666666666;621.4;26.0;82.0;59.958333333333336;1439.0;Verao;2025;2
2025-02-26;0.0;1.6;0.06666666666666667;1.6;21.7;32.5;26.079166666666666;625.9;31.0;83.0;61.208333333333336;1469.0;Verao;2025;2
2025-02-27;0.0;3.4;0.15;3.6;20.8;32.6;25.191666666666666;604.6;27.0;79.0;62.25;1494.0;Verao;2025;2
2025-02-28;0.0;0.0;0.0;0.0;20.3;32.0;25.208333333333332;605.0;28.0;86.0;66.54166666666667;1597.0;Verao;2025;2
2025-03-01;0.0;0.0;0.0;0.0;21.2;33.2;25.97083333333333;623.3;26.0;82.0;60.291666666666664;1447.0;Verao;2025;3
2025-03-02;0.0;0.0;0.0;0.0;21.9;33.6;26.47083333333333;635.3;25.0;76.0;57.625;1383.0;Verao;2025;3
2025-03-03;0.0;0.0;0.0;0.0;21.1;32.8;25.554166666666664;613.3;26.0;75.0;59.375;1425.0;Verao;2025;3
2025-03-04;0.0;0.0;0.0;0.0;20.8;31.1;24.929166666666664;598.3;27.0;78.0;60.541666666666664;1453.0;Verao;2025;3
2025-03-05;0.0;0.0;0.0;0.0;21.1;31.7;24.8;595.2;32.0;77.0;62.708333333333336;1505.0;Verao;2025;3
2025-03-06;0.0;0.0;0.0;0.0;19.9;30.6;24.183333333333334;580.4;33.0;80.0;63.416666666666664;1522.0;Verao;2025;3
2025-03-07;0.0;0.0;0.0;0.0;19.8;31.2;24.2;580.8;32.0;79.0;61.0;1464.0;Verao;2025;3
2025-03-08;0.0;0.0;0.0;0.0;20.0;31.5;24.1875;580.5;33.0;81.0;64.58333333333333;1550.0;Verao;2025;3
2025-03-09;0.0;0.0;0.0;0.0;20.0;32.9;25.445833333333336;610.7;25.0;85.0;59.916666666666664;1438.0;Verao;2025;3
2025-03-10;0.0;0.4;0.016666666666666666;0.4;20.8;29.5;24.28333333333333;582.8;43.0;88.0;62.666666666666664;1504.0;Verao;2025;3
2025-03-11;0.0;3.0;0.3739130434782609;8.6;20.2;30.4;23.58695652173913;542.5;35.0;86.0;70.17391304347827;1614.0;Verao;2025;3
2025-03-12;0.0;3.8;0.3416666666666666;8.2;19.7;30.8;23.291666666666668;559.0;37.0;91.0;75.45833333333333;1811.0;Verao;2025;3
2025-03-13;0.0;14.0;0.6;14.4;20.5;29.0;23.883333333333336;573.2;41.0;92.0;73.375;1761.0;Verao;2025;3
2025-03-14;0.0;0.0;0.0;0.0;21.6;28.2;23.766666666666666;570.4;52.0;85.0;72.20833333333333;1733.0;Verao;2025;3
2025-03-15;0.0;0.0;0.0;0.0;20.8;28.8;23.317391304347826;536.3;50.0;80.0;69.91304347826087;1608.0;Verao;2025;3
2025-03-16;0.0;0.0;0.0;0.0;19.7;23.1;21.279166666666665;510.7;74.0;86.0;78.375;1881.0;Verao;2025;3
2025-03-17;0.0;0.0;0.0;0.0;19.5;27.4;22.191666666666666;532.6;56.0;85.0;73.875;1773.0;Verao;2025;3
2025-03-18;0.0;11.6;0.8782608695652173;20.2;19.0;30.2;22.778260869565216;523.9;43.0;92.0;74.30434782608695;1709.0;Verao;2025;3
2025-03-19;0.0;19.4;1.05;25.2;18.4;25.0;20.941666666666666;502.6;60.0;97.0;80.70833333333333;1937.0;Verao;2025;3
2025-03-20;0.0;0.2;0.017391304347826087;0.4;17.2;25.9;20.395652173913046;469.1;47.0;90.0;73.04347826086956;1680.0;Verao;2025;3
2025-03-21;0.0;0.0;0.0;0.0;17.6;26.7;20.870833333333334;500.9;48.0;84.0;70.33333333333333;1688.0;Outono;2025;3
2025-03-22;0.0;0.0;0.0;0.0;18.7;30.6;23.099999999999998;531.3;28.0;85.0;67.56521739130434;1554.0;Outono;2025;3
2025-03-23;0.0;6.4;0.625;15.0;19.0;27.9;21.97083333333333;527.3;52.0;92.0;78.08333333333333;1874.0;Outono;2025;3
2025-03-24;0.0;0.2;0.008695652173913044;0.2;18.5;29.8;22.213043478260868;510.9;44.0;91.0;75.43478260869566;1735.0;Outono;2025;3
2025-03-25;0.0;0.2;0.008333333333333333;0.2;19.8;29.6;23.745833333333334;569.9;46.0;90.0;71.45833333333333;1715.0;Outono;2025;3
2025-03-26;0.0;0.0;0.0;0.0;19.9;25.8;22.458333333333332;539.0;58.0;86.0;72.20833333333333;1733.0;Outono;2025;3
2025-03-27;0.0;0.0;0.0;0.0;18.6;28.7;22.825;547.8;41.0;84.0;68.375;1641.0;Outono;2025;3
2025-03-28;0.0;1.0;0.049999999999999996;1.2;19.8;30.8;23.1375;555.3;40.0;84.0;69.375;1665.0;Outono;2025;3
2025-03-29;0.0;0.0;0.0;0.0;18.8;29.8;22.733333333333334;545.6;44.0;91.0;74.08333333333333;1778.0;Outono;2025;3
2025-03-30;0.0;0.0;0.0;0.0;20.1;28.9;23.650000000000002;567.6;39.0;84.0;67.91666666666667;1630.0;Outono;2025;3
2025-03-31;0.0;7.6;0.7166666666666667;17.2;19.9;27.7;22.454166666666666;538.9;57.0;90.0;75.08333333333333;1802.0;Outono;2025;3
2025-04-01;0.0;0.0;0.0;0.0;19.4;29.9;23.208333333333332;557.0;44.0;91.0;73.83333333333333;1772.0;Outono;2025;4
2025-04-02;0.0;0.0;0.0;0.0;20.8;31.0;25.22083333333333;605.3;40.0;85.0;66.20833333333333;1589.0;Outono;2025;4
2025-04-03;0.0;3.6;0.4583333333333333;11.0;21.4;28.1;23.2375;557.7;57.0;89.0;76.45833333333333;1835.0;Outono;2025;4
2025-04-04;0.0;14.8;1.1083333333333334;26.6;20.0;26.9;22.34583333333333;536.3;60.0;93.0;82.83333333333333;1988.0;Outono;2025;4
2025-04-05;0.0;0.4;0.041666666666666664;1.0;16.0;19.9;17.75;426.0;67.0;88.0;80.20833333333333;1925.0;Outono;2025;4
2025-04-06;0.0;0.2;0.008333333333333333;0.2;15.7;21.1;17.775000000000002;426.6;56.0;86.0;72.5;1740.0;Outono;2025;4
2025-04-07;0.0;0.2;0.016666666666666666;0.4;15.7;22.3;18.708333333333332;449.0;52.0;91.0;70.83333333333333;1700.0;Outono;2025;4
2025-04-08;0.0;0.0;0.0;0.0;14.8;27.6;19.8125;475.5;44.0;87.0;70.29166666666667;1687.0;Outono;2025;4
2025-04-09;0.0;7.6;0.3391304347826087;7.8;19.2;28.4;22.834782608695654;525.2;42.0;90.0;68.34782608695652;1572.0;Outono;2025;4
2025-04-10;0.0;18.4;1.025;24.599999999999998;17.4;25.6;20.779166666666665;498.7;57.0;93.0;83.375;2001.0;Outono;2025;4
2025-04-11;0.0;0.2;0.008333333333333333;0.2;17.1;26.5;20.537499999999998;492.9;48.0;92.0;75.625;1815.0;Outono;2025;4
2025-04-12;0.0;0.0;0.0;0.0;17.3;27.1;20.68695652173913;475.8;41.0;90.0;73.43478260869566;1689.0;Outono;2025;4
2025-04-13;0.0;2.0;0.08333333333333333;2.0;18.6;27.8;21.933333333333334;526.4;41.0;86.0;69.95833333333333;1679.0;Outono;2025;4
2025-04-14;0.0;32.0;2.441666666666667;58.6;18.6;23.1;20.212500000000002;485.1;64.0;98.0;81.0;1944.0;Outono;2025;4
2025-04-15;0.0;0.0;0.0;0.0;16.3;26.6;20.004166666666666;480.1;46.0;89.0;73.375;1761.0;Outono;2025;4
2025-04-16;0.0;0.4;0.03333333333333333;0.8;18.7;25.9;21.120833333333334;506.9;53.0;87.0;73.83333333333333;1772.0;Outono;2025;4
2025-04-17;0.0;0.0;0.0;0.0;18.7;26.8;21.941666666666666;526.6;43.0;88.0;72.5;1740.0;Outono;2025;4
2025-04-18;0.0;5.8;0.4869565217391304;11.2;18.6;26.6;21.504347826086956;494.6;54.0;91.0;75.1304347826087;1728.0;Outono;2025;4
2025-04-19;0.0;0.8;0.075;1.8;18.6;27.3;21.766666666666666;522.4;55.0;93.0;78.66666666666667;1888.0;Outono;2025;4
2025-04-20;0.0;3.2;0.23333333333333336;5.6000000000000005;18.9;23.3;20.05;481.2;67.0;91.0;81.33333333333333;1952.0;Outono;2025;4
2025-04-21;0.0;0.0;0.0;0.0;17.2;23.3;19.0125;456.3;60.0;87.0;77.5;1860.0;Outono;2025;4
2025-04-22;0.0;0.0;0.0;0.0;15.6;21.4;18.104166666666668;434.5;59.0;79.0;71.95833333333333;1727.0;Outono;2025;4
2025-04-23;0.0;0.0;0.0;0.0;17.1;24.7;19.45;466.8;54.0;81.0;72.79166666666667;1747.0;Outono;2025;4
2025-04-24;0.0;1.8;0.1416666666666667;3.4000000000000004;18.3;25.8;20.916666666666668;502.0;55.0;91.0;76.04166666666667;1825.0;Outono;2025;4
2025-04-25;0.0;7.8;1.0782608695652174;24.8;18.1;22.8;19.02608695652174;437.6;71.0;93.0;89.34782608695652;2055.0;Outono;2025;4
2025-04-26;0.0;0.0;0.0;0.0;18.1;26.3;20.7375;497.7;55.0;91.0;79.29166666666667;1903.0;Outono;2025;4
2025-04-27;0.0;0.0;0.0;0.0;18.6;26.3;21.420833333333334;514.1;53.0;88.0;75.5;1812.0;Outono;2025;4
2025-04-28;0.0;0.4;0.016666666666666666;0.4;19.2;25.4;21.245833333333334;509.9;59.0;88.0;77.33333333333333;1856.0;Outono;2025;4
2025-04-29;0.0;0.0;0.0;0.0;16.6;22.9;18.870833333333334;452.9;50.0;86.0;74.125;1779.0;Outono;2025;4
2025-04-30;0.0;0.0;0.0;0.0;14.8;23.2;18.133333333333333;435.2;45.0;85.0;69.75;1674.0;Outono;2025;4
2025-05-01;0.0;0.0;0.0;0.0;15.6;24.7;18.416666666666668;442.0;47.0;81.0;68.95833333333333;1655.0;Outono;2025;5
2025-05-02;0.0;0.0;0.0;0.0;15.5;25.0;18.9375;454.5;38.0;86.0;69.125;1659.0;Outono;2025;5
2025-05-03;0.0;0.0;0.0;0.0;15.1;25.0;18.599999999999998;446.4;42.0;90.0;73.5;1764.0;Outono;2025;5
2025-05-04;0.0;0.0;0.0;0.0;15.7;24.6;19.075;457.8;43.0;86.0;72.95833333333333;1751.0;Outono;2025;5
2025-05-05;0.0;0.0;0.0;0.0;15.2;25.5;19.341666666666665;464.2;39.0;85.0;68.33333333333333;1640.0;Outono;2025;5
2025-05-06;0.0;0.0;0.0;0.0;16.2;26.0;19.7375;473.7;35.0;86.0;68.91666666666667;1654.0;Outono;2025;5
2025-05-07;0.0;0.0;0.0;0.0;16.2;25.9;20.345833333333335;488.3;43.0;90.0;69.58333333333333;1670.0;Outono;2025;5
2025-05-08;0.0;0.0;0.0;0.0;17.2;28.2;21.912499999999998;525.9;41.0;88.0;66.875;1605.0;Outono;2025;5
2025-05-09;0.0;0.0;0.0;0.0;18.4;28.3;23.65416666666667;567.7;41.0;80.0;57.75;1386.0;Outono;2025;5
2025-05-10;0.0;5.4;0.4583333333333333;11.0;17.2;26.4;21.71666666666667;521.2;50.0;92.0;66.41666666666667;1594.0;Outono;2025;5
2025-05-11;0.0;2.6;0.25;6.0;14.8;17.9;16.266666666666666;390.4;69.0;92.0;86.0;2064.0;Outono;2025;5
2025-05-12;0.0;0.0;0.0;0.0;15.0;20.8;17.191666666666666;412.6;60.0;86.0;76.29166666666667;1831.0;Outono;2025;5
2025-05-13;0.0;0.0;0.0;0.0;16.3;23.5;18.55;445.2;54.0;84.0;73.83333333333333;1772.0;Outono;2025;5
2025-05-14;0.0;0.0;0.0;0.0;14.5;21.9;17.808333333333334;427.4;42.0;87.0;72.125;1731.0;Outono;2025;5
2025-05-15;0.0;0.0;0.0;0.0;13.4;23.4;17.333333333333332;416.0;47.0;88.0;71.83333333333333;1724.0;Outono;2025;5
2025-05-16;0.0;0.0;0.0;0.0;15.4;24.8;19.008695652173913;437.2;42.0;87.0;71.34782608695652;1641.0;Outono;2025;5
2025-05-17;0.0;0.2;0.008695652173913044;0.2;14.7;26.4;19.42608695652174;446.8;45.0;91.0;74.08695652173913;1704.0;Outono;2025;5
2025-05-18;0.0;0.2;0.008333333333333333;0.2;15.2;26.8;20.5625;493.5;35.0;92.0;67.625;1623.0;Outono;2025;5
2025-05-19;0.0;0.0;0.0;0.0;15.9;27.6;21.270833333333332;510.5;33.0;88.0;60.458333333333336;1451.0;Outono;2025;5
2025-05-20;0.0;0.0;0.0;0.0;15.9;27.1;21.270833333333332;510.5;35.0;79.0;58.875;1413.0;Outono;2025;5
2025-05-21;0.0;0.0;0.0;0.0;17.3;26.1;21.195833333333333;508.7;44.0;81.0;64.91666666666667;1558.0;Outono;2025;5
2025-05-22;0.0;8.0;0.782608695652174;18.0;18.0;24.9;20.230434782608697;465.3;56.0;90.0;77.95652173913044;1793.0;Outono;2025;5
2025-05-23;0.0;0.2;0.025000000000000005;0.6000000000000001;17.1;22.9;18.575;445.8;62.0;91.0;81.41666666666667;1954.0;Outono;2025;5
2025-05-24;0.0;0.0;0.0;0.0;16.0;20.9;17.9;411.7;64.0;89.0;79.08695652173913;1819.0;Outono;2025;5
2025-05-25;0.0;0.0;0.0;0.0;14.3;26.0;18.891666666666666;453.4;43.0;85.0;67.58333333333333;1622.0;Outono;2025;5
2025-05-26;0.0;0.0;0.0;0.0;15.1;26.7;19.625;471.0;39.0;92.0;71.04166666666667;1705.0;Outono;2025;5
2025-05-27;0.0;0.0;0.0;0.0;15.2;25.3;20.133333333333333;483.2;44.0;91.0;68.04166666666667;1633.0;Outono;2025;5
2025-05-28;0.0;0.0;0.0;0.0;19.8;25.7;21.45;514.8;43.0;62.0;56.25;1350.0;Outono;2025;5
2025-05-29;0.0;1.8;0.08333333333333333;2.0;12.6;20.5;16.479166666666668;395.5;36.0;89.0;62.416666666666664;1498.0;Outono;2025;5
2025-05-30;0.0;0.0;0.0;0.0;10.0;20.1;14.316666666666668;343.6;36.0;78.0;56.75;1362.0;Outono;2025;5
2025-05-31;0.0;0.0;0.0;0.0;13.0;24.1;16.979166666666668;407.5;40.0;83.0;69.16666666666667;1660.0;Outono;2025;5
2025-06-01;0.0;0.0;0.0;0.0;14.5;23.1;17.383333333333333;417.2;43.0;89.0;74.04166666666667;1777.0;Outono;2025;6
2025-06-02;0.0;0.0;0.0;0.0;16.0;23.6;18.466666666666665;443.2;54.0;84.0;73.29166666666667;1759.0;Outono;2025;6
2025-06-03;0.0;1.8;0.11304347826086956;2.6;16.2;21.8;18.13478260869565;417.1;56.0;88.0;77.73913043478261;1788.0;Outono;2025;6
2025-06-04;0.0;0.0;0.0;0.0;16.9;25.8;20.6875;496.5;44.0;77.0;60.583333333333336;1454.0;Outono;2025;6
2025-06-05;0.0;12.2;1.0416666666666667;25.0;16.2;24.8;19.541666666666668;469.0;54.0;92.0;75.66666666666667;1816.0;Outono;2025;6
2025-06-06;0.0;1.4;0.06666666666666667;1.5999999999999999;16.3;20.0;17.654166666666665;423.7;71.0;92.0;81.83333333333333;1964.0;Outono;2025;6
2025-06-07;0.0;1.4;0.09166666666666666;2.1999999999999997;15.7;24.0;18.354166666666668;440.5;57.0;92.0;79.95833333333333;1919.0;Outono;2025;6
2025-06-08;0.0;1.0;0.075;1.8;16.1;20.0;17.966666666666665;431.2;62.0;91.0;79.79166666666667;1915.0;Outono;2025;6
2025-06-09;0.0;3.4;0.5916666666666667;14.2;14.4;17.9;15.754166666666668;378.1;79.0;93.0;87.54166666666667;2101.0;Outono;2025;6
2025-06-10;0.0;0.0;0.0;0.0;13.9;18.7;15.491666666666667;371.8;63.0;89.0;79.5;1908.0;Outono;2025;6
2025-06-11;0.0;1.6;0.09166666666666667;2.2;11.7;16.9;13.841666666666667;332.2;54.0;91.0;75.375;1809.0;Outono;2025;6
2025-06-12;0.0;0.8;0.05217391304347826;1.2;10.0;16.5;12.360869565217392;284.3;55.0;91.0;75.91304347826087;1746.0;Outono;2025;6
2025-06-13;0.0;0.0;0.0;0.0;10.4;19.2;13.700000000000001;328.8;43.0;87.0;70.45833333333333;1691.0;Outono;2025;6
2025-06-14;0.0;0.0;0.0;0.0;11.0;19.9;14.254166666666668;342.1;47.0;86.0;73.5;1764.0;Outono;2025;6
2025-06-15;0.0;0.0;0.0;0.0;10.7;19.6;14.870833333333332;356.9;50.0;85.0;68.875;1653.0;Outono;2025;6
2025-06-16;0.0;0.0;0.0;0.0;12.2;25.0;17.879166666666666;429.1;43.0;85.0;64.75;1554.0;Outono;2025;6
2025-06-17;0.0;0.2;0.008333333333333333;0.2;12.6;25.0;17.891666666666666;429.4;32.0;90.0;67.54166666666667;1621.0;Outono;2025;6
2025-06-18;0.0;0.0;0.0;0.0;12.6;23.5;18.3;439.2;33.0;87.0;58.791666666666664;1411.0;Outono;2025;6
2025-06-19;0.0;0.0;0.0;0.0;14.4;25.2;19.4875;467.7;34.0;74.0;55.291666666666664;1327.0;Outono;2025;6
2025-06-20;0.0;0.0;0.0;0.0;13.9;25.2;19.5125;468.3;31.0;86.0;60.125;1443.0;Outono;2025;6
2025-06-21;0.0;0.0;0.0;0.0;18.3;23.3;20.150000000000002;483.6;50.0;66.0;55.416666666666664;1330.0;Inverno;2025;6
2025-06-22;0.0;0.0;0.0;0.0;16.8;22.1;19.5625;469.5;55.0;83.0;67.33333333333333;1616.0;Inverno;2025;6
2025-06-23;0.0;1.2;0.17500000000000002;4.2;17.1;24.6;19.545833333333334;469.1;39.0;81.0;63.583333333333336;1526.0;Inverno;2025;6
2025-06-24;0.0;10.2;0.6083333333333333;14.6;11.6;18.2;14.975;359.4;28.0;93.0;63.375;1521.0;Inverno;2025;6
2025-06-25;0.0;0.0;0.0;0.0;6.2;18.7;11.454166666666666;274.9;45.0;90.0;65.91666666666667;1582.0;Inverno;2025;6
2025-06-26;0.0;0.0;0.0;0.0;10.8;26.5;17.033333333333335;408.8;38.0;93.0;68.625;1647.0;Inverno;2025;6
2025-06-27;0.0;1.0;0.10833333333333334;2.6;16.0;22.9;19.2375;461.7;55.0;89.0;73.20833333333333;1757.0;Inverno;2025;6
2025-06-28;0.0;0.0;0.0;0.0;15.5;25.5;18.958333333333332;455.0;53.0;92.0;77.54166666666667;1861.0;Inverno;2025;6
2025-06-29;0.0;0.0;0.0;0.0;18.8;26.5;22.133333333333336;531.2;41.0;76.0;54.0;1296.0;Inverno;2025;6
2025-06-30;0.0;0.0;0.0;0.0;15.8;22.2;18.325;439.8;57.0;90.0;74.04166666666667;1777.0;Inverno;2025;6
2025-07-01;0.0;0.0;0.0;0.0;12.8;15.8;14.799999999999999;355.2;72.0;85.0;79.41666666666667;1906.0;Inverno;2025;7
2025-07-02;0.0;0.2;0.025000000000000005;0.6000000000000001;10.7;12.9;11.841666666666667;284.2;76.0;91.0;82.95833333333333;1991.0;Inverno;2025;7
2025-07-03;0.0;2.6;0.12173913043478261;2.8000000000000003;11.0;13.1;11.895652173913044;273.6;82.0;91.0;86.34782608695652;1986.0;Inverno;2025;7
2025-07-04;0.0;0.2;0.008333333333333333;0.2;12.1;17.8;13.883333333333333;333.2;57.0;90.0;79.95833333333333;1919.0;Inverno;2025;7
2025-07-05;0.0;0.0;0.0;0.0;11.0;21.2;15.191666666666668;364.6;39.0;88.0;69.70833333333333;1673.0;Inverno;2025;7
2025-07-06;0.0;0.0;0.0;0.0;12.1;20.0;14.654166666666667;351.7;47.0;88.0;73.70833333333333;1769.0;Inverno;2025;7
2025-07-07;0.0;0.0;0.0;0.0;10.9;20.6;14.416666666666666;346.0;46.0;90.0;74.29166666666667;1783.0;Inverno;2025;7
2025-07-08;0.0;0.0;0.0;0.0;13.0;22.1;16.404166666666665;393.7;41.0;84.0;69.5;1668.0;Inverno;2025;7
2025-07-09;0.0;0.0;0.0;0.0;11.2;18.9;14.245833333333332;341.9;51.0;85.0;72.45833333333333;1739.0;Inverno;2025;7
2025-07-10;0.0;0.0;0.0;0.0;13.9;21.7;16.025000000000002;384.6;43.0;83.0;72.04166666666667;1729.0;Inverno;2025;7
2025-07-11;0.0;0.0;0.0;0.0;13.1;22.1;16.579166666666666;397.9;42.0;87.0;72.375;1737.0;Inverno;2025;7
2025-07-12;0.0;0.0;0.0;0.0;15.4;22.9;17.837500000000002;428.1;42.0;82.0;68.95833333333333;1655.0;Inverno;2025;7
2025-07-13;0.0;0.0;0.0;0.0;15.0;22.9;17.704166666666666;424.9;34.0;75.0;58.666666666666664;1408.0;Inverno;2025;7
2025-07-14;0.0;0.0;0.0;0.0;11.8;22.2;15.85;380.4;34.0;84.0;65.04166666666667;1561.0;Inverno;2025;7
2025-07-15;0.0;0.0;0.0;0.0;10.2;23.0;15.8125;379.5;24.0;87.0;62.625;1503.0;Inverno;2025;7
2025-07-16;0.0;0.0;0.0;0.0;10.1;23.8;16.325;391.8;23.0;80.0;52.375;1257.0;Inverno;2025;7
2025-07-17;0.0;0.0;0.0;0.0;10.9;23.9;17.283333333333335;414.8;29.0;67.0;46.875;1125.0;Inverno;2025;7
2025-07-18;0.0;0.0;0.0;0.0;14.8;23.9;18.254166666666666;438.1;37.0;80.0;52.625;1263.0;Inverno;2025;7
2025-07-19;0.0;0.0;0.0;0.0;10.8;21.2;14.833333333333334;356.0;38.0;78.0;61.958333333333336;1487.0;Inverno;2025;7
2025-07-20;0.0;0.0;0.0;0.0;11.8;20.2;14.5375;348.9;50.0;80.0;71.66666666666667;1720.0;Inverno;2025;7
2025-07-21;0.0;0.0;0.0;0.0;13.2;25.1;16.820833333333333;403.7;40.0;86.0;72.20833333333333;1733.0;Inverno;2025;7
2025-07-22;0.0;0.0;0.0;0.0;13.4;24.8;18.058333333333334;433.4;33.0;93.0;68.54166666666667;1645.0;Inverno;2025;7
2025-07-23;0.0;0.0;0.0;0.0;12.9;21.9;17.175;412.2;32.0;76.0;58.625;1407.0;Inverno;2025;7
2025-07-24;0.0;0.0;0.0;0.0;13.3;20.5;15.783333333333333;378.8;48.0;84.0;72.54166666666667;1741.0;Inverno;2025;7
2025-07-25;0.0;3.0;0.15833333333333333;3.8;14.3;17.3;15.633333333333333;375.2;76.0;88.0;82.25;1974.0;Inverno;2025;7
2025-07-26;0.0;0.0;0.0;0.0;13.7;24.3;17.170833333333334;412.1;42.0;91.0;73.875;1773.0;Inverno;2025;7
2025-07-27;0.0;0.2;0.008695652173913044;0.2;13.1;27.4;19.108695652173914;439.5;26.0;91.0;63.78260869565217;1467.0;Inverno;2025;7
2025-07-28;0.0;3.4;0.34782608695652173;8.0;14.8;22.5;19.682608695652174;452.7;44.0;85.0;61.869565217391305;1423.0;Inverno;2025;7
2025-07-29;0.0;0.0;0.0;0.0;11.7;19.9;15.991666666666667;383.8;16.0;73.0;52.333333333333336;1256.0;Inverno;2025;7
2025-07-30;0.0;0.0;0.0;0.0;8.0;16.9;12.070833333333333;289.7;43.0;83.0;64.95833333333333;1559.0;Inverno;2025;7
2025-07-31;0.0;0.0;0.0;0.0;8.7;19.6;12.558333333333332;301.4;41.0;85.0;70.45833333333333;1691.0;Inverno;2025;7
2025-08-01;0.0;0.0;0.0;0.0;10.9;23.2;15.366666666666667;368.8;34.0;87.0;67.83333333333333;1628.0;Inverno;2025;8
2025-08-02;0.0;0.0;0.0;0.0;10.7;26.4;17.520833333333332;420.5;21.0;89.0;59.041666666666664;1417.0;Inverno;2025;8
2025-08-03;0.0;0.0;0.0;0.0;11.6;26.3;18.595833333333335;446.3;19.0;78.0;47.541666666666664;1141.0;Inverno;2025;8
2025-08-04;0.0;0.0;0.0;0.0;12.4;22.5;16.895833333333332;405.5;26.0;76.0;55.958333333333336;1343.0;Inverno;2025;8
2025-08-05;0.0;0.0;0.0;0.0;14.2;19.5;16.208695652173912;372.8;55.0;83.0;73.0;1679.0;Inverno;2025;8
2025-08-06;0.0;0.2;0.008333333333333333;0.2;13.3;18.8;15.545833333333334;373.1;60.0;88.0;76.75;1842.0;Inverno;2025;8
2025-08-07;0.0;0.0;0.0;0.0;13.1;25.5;17.833333333333332;428.0;30.0;88.0;66.125;1587.0;Inverno;2025;8
2025-08-08;0.0;0.2;0.025000000000000005;0.6000000000000001;13.6;25.1;17.658333333333335;423.8;34.0;91.0;70.58333333333333;1694.0;Inverno;2025;8
2025-08-09;0.0;0.0;0.0;0.0;12.2;19.7;14.833333333333334;356.0;28.0;88.0;69.875;1677.0;Inverno;2025;8
2025-08-10;0.0;0.0;0.0;0.0;9.0;14.5;11.458333333333334;275.0;63.0;81.0;71.875;1725.0;Inverno;2025;8
2025-08-11;0.0;0.0;0.0;0.0;10.0;17.8;12.5375;300.9;41.0;79.0;65.95833333333333;1583.0;Inverno;2025;8
2025-08-12;0.0;0.0;0.0;0.0;9.3;20.1;13.366666666666667;320.8;37.0;83.0;67.875;1629.0;Inverno;2025;8
2025-08-13;0.0;0.0;0.0;0.0;11.1;25.4;16.782608695652176;386.0;20.0;87.0;57.17391304347826;1315.0;Inverno;2025;8
2025-08-14;0.0;0.0;0.0;0.0;11.2;19.6;15.245833333333332;365.9;47.0;82.0;63.25;1518.0;Inverno;2025;8
2025-08-15;0.0;0.0;0.0;0.0;11.5;20.4;15.0625;361.5;47.0;82.0;68.79166666666667;1651.0;Inverno;2025;8
2025-08-16;0.0;0.0;0.0;0.0;14.4;22.3;16.570833333333333;397.7;51.0;83.0;72.41666666666667;1738.0;Inverno;2025;8
2025-08-17;0.0;0.0;0.0;0.0;15.4;25.1;18.2;436.8;42.0;83.0;71.95833333333333;1727.0;Inverno;2025;8
2025-08-18;0.0;0.0;0.0;0.0;13.7;23.6;17.029166666666665;408.7;41.0;89.0;73.75;1770.0;Inverno;2025;8
2025-08-19;0.0;0.0;0.0;0.0;14.0;24.6;17.770833333333332;426.5;47.0;84.0;69.25;1662.0;Inverno;2025;8
2025-08-20;0.0;0.0;0.0;0.0;15.0;28.5;20.8125;499.5;27.0;80.0;56.625;1359.0;Inverno;2025;8
2025-08-21;0.0;0.0;0.0;0.0;18.4;30.7;23.379166666666666;561.1;29.0;66.0;49.208333333333336;1181.0;Inverno;2025;8
2025-08-22;0.0;0.0;0.0;0.0;17.5;32.0;23.786956521739132;547.1;23.0;75.0;51.17391304347826;1177.0;Inverno;2025;8
2025-08-23;0.0;0.0;0.0;0.0;20.5;30.9;25.433333333333334;610.4;17.0;50.0;30.625;735.0;Inverno;2025;8
2025-08-24;0.0;0.0;0.0;0.0;16.0;24.6;19.091666666666665;458.2;29.0;80.0;62.625;1503.0;Inverno;2025;8
2025-08-25;0.0;0.0;0.0;0.0;14.9;28.7;18.337500000000002;440.1;34.0;83.0;69.625;1671.0;Inverno;2025;8
2025-08-26;0.0;2.2;0.11666666666666668;2.8000000000000003;13.8;20.4;15.895833333333334;381.5;66.0;89.0;77.79166666666667;1867.0;Inverno;2025;8
2025-08-27;0.0;6.0;0.5416666666666666;13.0;15.2;23.7;18.066666666666666;433.6;55.0;91.0;78.125;1875.0;Inverno;2025;8
2025-08-28;0.0;0.0;0.0;0.0;14.9;25.5;17.778260869565216;408.9;40.0;91.0;75.78260869565217;1743.0;Inverno;2025;8
2025-08-29;0.0;0.0;0.0;0.0;15.9;21.3;17.5625;421.5;59.0;83.0;74.29166666666667;1783.0;Inverno;2025;8
2025-08-30;0.0;0.0;0.0;0.0;14.8;24.5;18.408333333333335;441.8;32.0;87.0;69.54166666666667;1669.0;Inverno;2025;8
2025-08-31;0.0;0.0;0.0;0.0;14.4;25.0;18.070833333333333;433.7;42.0;86.0;71.375;1713.0;Inverno;2025;8
2025-09-01;0.0;0.0;0.0;0.0;16.2;25.7;19.4375;466.5;38.0;85.0;70.04166666666667;1681.0;Inverno;2025;9
2025-09-02;0.0;0.0;0.0;0.0;16.3;27.6;20.454166666666666;490.9;31.0;82.0;65.5;1572.0;Inverno;2025;9
2025-09-03;0.0;0.0;0.0;0.0;14.9;27.2;20.6875;496.5;27.0;87.0;59.958333333333336;1439.0;Inverno;2025;9
2025-09-04;0.0;0.0;0.0;0.0;15.4;28.8;21.770833333333332;522.5;20.0;74.0;46.666666666666664;1120.0;Inverno;2025;9
2025-09-05;0.0;0.0;0.0;0.0;16.7;29.9;20.958333333333332;503.0;22.0;80.0;50.25;1206.0;Inverno;2025;9
2025-09-06;0.0;0.0;0.0;0.0;15.1;18.8;16.504166666666666;396.1;67.0;86.0;76.20833333333333;1829.0;Inverno;2025;9
2025-09-07;0.0;0.0;0.0;0.0;15.2;21.3;17.066666666666666;409.6;61.0;85.0;77.0;1848.0;Inverno;2025;9
2025-09-08;0.0;0.0;0.0;0.0;16.6;29.2;20.908333333333335;501.8;41.0;84.0;68.41666666666667;1642.0;Inverno;2025;9
2025-09-09;0.0;0.0;0.0;0.0;19.1;26.4;22.670833333333334;544.1;30.0;75.0;50.708333333333336;1217.0;Inverno;2025;9
2025-09-10;0.0;0.0;0.0;0.0;15.4;27.0;20.030434782608694;460.7;21.0;78.0;53.82608695652174;1238.0;Inverno;2025;9
2025-09-11;0.0;0.0;0.0;0.0;13.4;30.8;19.650000000000002;471.6;12.0;86.0;58.958333333333336;1415.0;Inverno;2025;9
2025-09-12;0.0;0.0;0.0;0.0;14.7;21.6;17.479166666666668;419.5;38.0;78.0;60.416666666666664;1450.0;Inverno;2025;9
2025-09-13;0.0;0.0;0.0;0.0;14.6;20.5;16.779166666666665;402.7;51.0;80.0;68.0;1632.0;Inverno;2025;9
2025-09-14;0.0;0.0;0.0;0.0;14.1;25.6;17.404166666666665;417.7;39.0;79.0;68.875;1653.0;Inverno;2025;9
2025-09-15;0.0;0.0;0.0;0.0;15.4;29.4;19.670833333333334;472.1;27.0;83.0;65.70833333333333;1577.0;Inverno;2025;9
2025-09-16;0.0;0.2;0.008333333333333333;0.2;17.0;24.3;19.916666666666668;478.0;50.0;80.0;68.375;1641.0;Inverno;2025;9
2025-09-17;0.0;0.0;0.0;0.0;16.0;24.0;18.8875;453.3;38.0;82.0;64.83333333333333;1556.0;Inverno;2025;9
2025-09-18;0.0;0.0;0.0;0.0;14.5;24.8;18.349999999999998;440.4;45.0;80.0;67.16666666666667;1612.0;Inverno;2025;9
2025-09-19;0.0;0.0;0.0;0.0;16.7;31.0;21.854166666666668;524.5;20.0;78.0;58.958333333333336;1415.0;Inverno;2025;9
2025-09-20;0.0;0.0;0.0;0.0;19.0;31.9;24.429166666666664;586.3;22.0;81.0;53.708333333333336;1289.0;Inverno;2025;9
2025-09-21;0.0;0.8;0.041666666666666664;1.0;20.5;32.5;25.47083333333333;611.3;26.0;70.0;48.208333333333336;1157.0;Inverno;2025;9
2025-09-22;0.0;12.8;1.7000000000000002;40.800000000000004;17.9;22.2;19.920833333333334;478.1;70.0;93.0;81.45833333333333;1955.0;Primavera;2025;9
2025-09-23;0.0;0.0;0.0;0.0;14.8;19.3;16.7625;402.3;64.0;84.0;76.125;1827.0;Primavera;2025;9
2025-09-24;0.0;0.0;0.0;0.0;14.5;18.1;15.6875;376.5;70.0;86.0;79.83333333333333;1916.0;Primavera;2025;9
2025-09-25;0.0;0.0;0.0;0.0;14.0;16.5;14.816666666666668;355.6;67.0;82.0;75.91666666666667;1822.0;Primavera;2025;9
2025-09-26;0.0;0.0;0.0;0.0;12.1;19.6;14.741666666666667;353.8;49.0;87.0;70.66666666666667;1696.0;Primavera;2025;9
2025-09-27;0.0;0.0;0.0;0.0;12.0;23.4;16.4375;394.5;40.0;82.0;64.95833333333333;1559.0;Primavera;2025;9
2025-09-28;0.0;0.0;0.0;0.0;12.4;29.6;18.0;432.0;23.0;84.0;66.0;1584.0;Primavera;2025;9
2025-09-29;0.0;0.0;0.0;0.0;16.3;30.7;22.333333333333332;536.0;26.0;82.0;55.833333333333336;1340.0;Primavera;2025;9
2025-09-30;0.0;0.0;0.0;0.0;16.6;32.5;23.995833333333334;575.9;17.0;80.0;48.25;1158.0;Primavera;2025;9
